-- =============================================================================
-- DeliverThePeople — Datos de Prueba (Seeds)
-- Ejecutar después de 00001_esquema_inicial.sql
-- =============================================================================

-- =============================================================================
-- Sucursales
-- =============================================================================

INSERT INTO sucursales (id, nombre, direccion, telefono) VALUES
  ('00000000-0000-0000-0000-000000000001', 'DeliverThePeople Centro', 'Av. Principal 123, Centro', '+56 2 2123 4567'),
  ('00000000-0000-0000-0000-000000000002', 'DeliverThePeople Norte', 'Calle Secundaria 456, Norte', '+56 2 2765 4321');

-- =============================================================================
-- Empleados (contraseña para todos en desarrollo: "password123")
-- Bcrypt hash de "password123": "$2a$10$placeholder_hash_para_desarrollo"
-- En desarrollo, el authController acepta cualquier contraseña (devBypass)
-- =============================================================================

INSERT INTO empleados (id, email, nombre, apellido, rol, sucursal_id, telefono, estado) VALUES
  ('10000000-0000-0000-0000-000000000001', 'admin@deliver.com',   'Admin',    'Sistema',  'admin',         '00000000-0000-0000-0000-000000000001', '+56 9 1111 1111', 'activo'),
  ('10000000-0000-0000-0000-000000000002', 'gerente@deliver.com', 'María',    'González', 'gerente',       '00000000-0000-0000-0000-000000000001', '+56 9 2222 2222', 'activo'),
  ('10000000-0000-0000-0000-000000000003', 'nihaht@deliver.com',  'Nihaht',   'Montes',   'cocinero',      '00000000-0000-0000-0000-000000000001', '+56 9 3333 3333', 'activo'),
  ('10000000-0000-0000-0000-000000000004', 'sandro@deliver.com',  'Sandro',   'López',    'cocinero',      '00000000-0000-0000-0000-000000000001', '+56 9 4444 4444', 'activo'),
  ('10000000-0000-0000-0000-000000000005', 'danilo@deliver.com',  'Danilo',   'Rojas',    'despachador',   '00000000-0000-0000-0000-000000000001', '+56 9 5555 5555', 'activo'),
  ('10000000-0000-0000-0000-000000000006', 'camila@deliver.com',  'Camila',   'Vargas',   'gerente',       '00000000-0000-0000-0000-000000000002', '+56 9 6666 6666', 'activo'),
  ('10000000-0000-0000-0000-000000000007', 'fernando@deliver.com','Fernando', 'Silva',    'gerente',       '00000000-0000-0000-0000-000000000002', '+56 9 7777 7777', 'activo'),
  ('10000000-0000-0000-0000-000000000008', 'santiago@deliver.com','Santiago','Pérez',    'aseo',          '00000000-0000-0000-0000-000000000002', '+56 9 8888 8888', 'activo'),
  ('10000000-0000-0000-0000-000000000009', 'cajero@deliver.com',  'Pedro',    'Muñoz',    'cajero',        '00000000-0000-0000-0000-000000000001', '+56 9 9999 9999', 'activo'),
  ('10000000-0000-0000-0000-000000000010', 'tecnico@deliver.com', 'Luis',     'Torres',   'mantenimiento', '00000000-0000-0000-0000-000000000001', '+56 9 1010 1010', 'activo');

-- =============================================================================
-- Equipos
-- =============================================================================

INSERT INTO equipos (id, sucursal_id, nombre, tipo, numero_serie, estado) VALUES
  ('30000000-0000-0000-0000-000000000001', '00000000-0000-0000-0000-000000000001', 'Horno Principal',       'horno',              'HOR-001', 'operativo'),
  ('30000000-0000-0000-0000-000000000002', '00000000-0000-0000-0000-000000000001', 'Refrigerador Grande',   'refrigerador',       'REF-001', 'operativo'),
  ('30000000-0000-0000-0000-000000000003', '00000000-0000-0000-0000-000000000001', 'Estufa 4 Quemadores',   'estufa',             'EST-001', 'requiere_mantenimiento'),
  ('30000000-0000-0000-0000-000000000004', '00000000-0000-0000-0000-000000000001', 'Lavavajillas Ind.',     'lavavajillas',       'LAV-001', 'operativo'),
  ('30000000-0000-0000-0000-000000000005', '00000000-0000-0000-0000-000000000001', 'Freidora Eléctrica',    'freidora',           'FRE-001', 'operativo');

-- =============================================================================
-- Áreas
-- =============================================================================

INSERT INTO areas (id, sucursal_id, nombre) VALUES
  ('40000000-0000-0000-0000-000000000001', '00000000-0000-0000-0000-000000000001', 'Cocina Zona Caliente'),
  ('40000000-0000-0000-0000-000000000002', '00000000-0000-0000-0000-000000000001', 'Cocina Zona Fría'),
  ('40000000-0000-0000-0000-000000000003', '00000000-0000-0000-0000-000000000001', 'Salón Principal'),
  ('40000000-0000-0000-0000-000000000004', '00000000-0000-0000-0000-000000000001', 'Baños'),
  ('40000000-0000-0000-0000-000000000005', '00000000-0000-0000-0000-000000000001', 'Bodega'),
  ('40000000-0000-0000-0000-000000000006', '00000000-0000-0000-0000-000000000002', 'Cocina Principal Norte');

-- =============================================================================
-- Inventario
-- =============================================================================

INSERT INTO inventario (id, sucursal_id, nombre, categoria, cantidad_actual, unidad, stock_minimo, costo_unitario, proveedor) VALUES
  ('50000000-0000-0000-0000-000000000001', '00000000-0000-0000-0000-000000000001', 'Harina de trigo',       'seco',     25.00, 'kg',       10.00, 1200.00,  'Distribuidora El Molino'),
  ('50000000-0000-0000-0000-000000000002', '00000000-0000-0000-0000-000000000001', 'Queso mozzarella',     'lacteo',   8.00,  'kg',       5.00,  8500.00,  'Lácteos del Sur'),
  ('50000000-0000-0000-0000-000000000003', '00000000-0000-0000-0000-000000000001', 'Tomate fresco',        'verdura',  15.00, 'kg',       8.00,  2500.00,  'Verdulería La Huerta'),
  ('50000000-0000-0000-0000-000000000004', '00000000-0000-0000-0000-000000000001', 'Pechuga de pollo',     'carnico',  12.00, 'kg',       6.00,  6500.00,  'Carnicería Don Pedro'),
  ('50000000-0000-0000-0000-000000000005', '00000000-0000-0000-0000-000000000001', 'Aceite vegetal',       'seco',     20.00, 'litros',   10.00, 3500.00,  'Distribuidora El Molino'),
  ('50000000-0000-0000-0000-000000000006', '00000000-0000-0000-0000-000000000001', 'Cebolla',              'verdura',  10.00, 'kg',       5.00,  1200.00,  'Verdulería La Huerta'),
  ('50000000-0000-0000-0000-000000000007', '00000000-0000-0000-0000-000000000001', 'Albóndigas congeladas','carnico',  5.00,  'kg',       3.00,  7800.00,  'Carnicería Don Pedro'),
  ('50000000-0000-0000-0000-000000000008', '00000000-0000-0000-0000-000000000001', 'Detergente industrial','limpieza', 8.00,  'litros',   5.00,  4200.00,  'CleanPro'),
  ('50000000-0000-0000-0000-000000000009', '00000000-0000-0000-0000-000000000001', 'Bebida cola 3L',       'bebida',   30.00, 'unidades', 15.00, 1800.00,  'Coca-Cola Company'),
  ('50000000-0000-0000-0000-000000000010', '00000000-0000-0000-0000-000000000001', 'Albahaca fresca',      'verdura',  0.50,  'kg',       0.50,  12000.00, 'Verdulería La Huerta'),
  ('50000000-0000-0000-0000-000000000011', '00000000-0000-0000-0000-000000000001', 'Masa para pizza',      'seco',     3.00,  'kg',       5.00,  4000.00,  'Distribuidora El Molino'),
  ('50000000-0000-0000-0000-000000000012', '00000000-0000-0000-0000-000000000001', 'Salsa de tomate',      'seco',     10.00, 'litros',   5.00,  2200.00,  'Distribuidora El Molino');

-- =============================================================================
-- Solicitudes de Abastecimiento (algunas como ejemplo)
-- =============================================================================

INSERT INTO solicitudes_abastecimiento (id, inventario_id, tipo, cantidad_solicitada, motivo, estado, solicitado_por) VALUES
  ('60000000-0000-0000-0000-000000000001', '50000000-0000-0000-0000-000000000011', 'aumento',    10.00, 'Stock bajo de masa para pizza', 'pendiente', '10000000-0000-0000-0000-000000000004'),
  ('60000000-0000-0000-0000-000000000002', '50000000-0000-0000-0000-000000000007', 'disminucion', 2.00, 'Exceso de albóndigas en inventario', 'aprobada', '10000000-0000-0000-0000-000000000004');

-- =============================================================================
-- Pedidos (Datos estáticos — simulan la app del cliente)
-- =============================================================================

INSERT INTO pedidos (id, numero_pedido, sucursal_id, nombre_cliente, telefono_cliente, direccion_cliente, estado, tiempo_estimado_entrega, notas) VALUES
  ('70000000-0000-0000-0000-000000000001', 1042, '00000000-0000-0000-0000-000000000001', 'María Gómez',    '+56 9 1234 5678', 'Los Cerezos 345, Depto 12',   'pendiente',      NOW() + INTERVAL '45 minutes', 'Llamar por citófono 12'),
  ('70000000-0000-0000-0000-000000000002', 1043, '00000000-0000-0000-0000-000000000001', 'Carlos Muñoz',   '+56 9 2345 6789', 'Av. Las Condes 890',          'pendiente',      NOW() + INTERVAL '60 minutes', NULL),
  ('70000000-0000-0000-0000-000000000003', 1044, '00000000-0000-0000-0000-000000000001', 'Ana Rodríguez',  '+56 9 3456 7890', 'Calle Nueva 1234, Casa 5',    'pendiente',      NOW() + INTERVAL '30 minutes', 'Sin cebolla en ningun plato'),
  ('70000000-0000-0000-0000-000000000004', 1045, '00000000-0000-0000-0000-000000000001', 'Pedro Soto',     '+56 9 4567 8901', 'Pasaje Las Flores 67',         'pendiente',      NOW() + INTERVAL '50 minutes', NULL),
  ('70000000-0000-0000-0000-000000000005', 1046, '00000000-0000-0000-0000-000000000001', 'Laura Vega',     '+56 9 5678 9012', 'Gran Avenida 2345, Depto 3B', 'pendiente',      NOW() + INTERVAL '40 minutes', 'Timbre no funciona, llamar'),
  ('70000000-0000-0000-0000-000000000006', 1047, '00000000-0000-0000-0000-000000000001', 'Diego Castillo', '+56 9 6789 0123', 'Calle Comercio 789',           'pendiente',      NOW() + INTERVAL '35 minutes', NULL),
  ('70000000-0000-0000-0000-000000000007', 1048, '00000000-0000-0000-0000-000000000001', 'Sofía Herrera',  '+56 9 7890 1234', 'Av. Providencia 1500',         'en_preparacion', NOW() + INTERVAL '25 minutes', 'Entregar por puerta trasera'),
  ('70000000-0000-0000-0000-000000000008', 1049, '00000000-0000-0000-0000-000000000001', 'Jorge Díaz',     '+56 9 8901 2345', 'Calle del Sol 456',            'terminado',      NOW() + INTERVAL '10 minutes', NULL),
  ('70000000-0000-0000-0000-000000000009', 1050, '00000000-0000-0000-0000-000000000001', 'Camila Ríos',    '+56 9 9012 3456', 'Av. Matta 890, Local 3',       'en_delivery',    NOW() + INTERVAL '5 minutes',  'Dejar en recepción');

-- Asignar cocinero y despachador a los pedidos que ya están en proceso
UPDATE pedidos SET cocinero_asignado_id = '10000000-0000-0000-0000-000000000003' WHERE id = '70000000-0000-0000-0000-000000000007';
UPDATE pedidos SET cocinero_asignado_id = '10000000-0000-0000-0000-000000000003' WHERE id = '70000000-0000-0000-0000-000000000008';
UPDATE pedidos SET despachador_asignado_id = '10000000-0000-0000-0000-000000000005' WHERE id = '70000000-0000-0000-0000-000000000009';

-- =============================================================================
-- Ítems de Pedido
-- =============================================================================

INSERT INTO items_pedido (id, pedido_id, nombre, cantidad, notas) VALUES
  -- Pedido 1042
  ('80000000-0000-0000-0000-000000000001', '70000000-0000-0000-0000-000000000001', 'Pizza Margherita',   2, NULL),
  ('80000000-0000-0000-0000-000000000002', '70000000-0000-0000-0000-000000000001', 'Bebida Cola 500ml',  2, NULL),
  -- Pedido 1043
  ('80000000-0000-0000-0000-000000000003', '70000000-0000-0000-0000-000000000002', 'Pizza Pepperoni',    1, 'Extra pepperoni'),
  ('80000000-0000-0000-0000-000000000004', '70000000-0000-0000-0000-000000000002', 'Espagueti Bolognesa', 1, NULL),
  ('80000000-0000-0000-0000-000000000005', '70000000-0000-0000-0000-000000000002', 'Bebida Cola 3L',     1, NULL),
  -- Pedido 1044
  ('80000000-0000-0000-0000-000000000006', '70000000-0000-0000-0000-000000000003', 'Pizza Hawaiana',     1, 'Sin cebolla'),
  -- Pedido 1045
  ('80000000-0000-0000-0000-000000000007', '70000000-0000-0000-0000-000000000004', 'Pizza Margherita',   3, NULL),
  -- Pedido 1046
  ('80000000-0000-0000-0000-000000000008', '70000000-0000-0000-0000-000000000005', 'Albóndigas con Papas', 1, NULL),
  ('80000000-0000-0000-0000-000000000009', '70000000-0000-0000-0000-000000000005', 'Ensalada César',      1, 'Aderezo aparte'),
  -- Pedido 1047
  ('80000000-0000-0000-0000-000000000010', '70000000-0000-0000-0000-000000000006', 'Pizza Cuatro Quesos', 2, NULL),
  -- Pedido 1048
  ('80000000-0000-0000-0000-000000000011', '70000000-0000-0000-0000-000000000007', 'Pizza Pepperoni',     1, NULL),
  ('80000000-0000-0000-0000-000000000012', '70000000-0000-0000-0000-000000000007', 'Bebida Cola 500ml',   1, NULL),
  -- Pedido 1049
  ('80000000-0000-0000-0000-000000000013', '70000000-0000-0000-0000-000000000008', 'Espagueti Bolognesa', 2, NULL),
  -- Pedido 1050
  ('80000000-0000-0000-0000-000000000014', '70000000-0000-0000-0000-000000000009', 'Pizza Margherita',    1, NULL),
  ('80000000-0000-0000-0000-000000000015', '70000000-0000-0000-0000-000000000009', 'Pizza Hawaiana',      1, NULL);

-- =============================================================================
-- Ingredientes por Ítem
-- =============================================================================

INSERT INTO ingredientes_item (id, item_id, nombre_ingrediente) VALUES
  -- Pizza Margherita (ítem 1)
  ('90000000-0000-0000-0000-000000000001', '80000000-0000-0000-0000-000000000001', 'harina'),
  ('90000000-0000-0000-0000-000000000002', '80000000-0000-0000-0000-000000000001', 'queso mozzarella'),
  ('90000000-0000-0000-0000-000000000003', '80000000-0000-0000-0000-000000000001', 'tomate'),
  ('90000000-0000-0000-0000-000000000004', '80000000-0000-0000-0000-000000000001', 'albahaca'),
  ('90000000-0000-0000-0000-000000000005', '80000000-0000-0000-0000-000000000001', 'masa'),
  ('90000000-0000-0000-0000-000000000006', '80000000-0000-0000-0000-000000000001', 'salsa de tomate'),
  -- Pizza Pepperoni (ítem 3)
  ('90000000-0000-0000-0000-000000000007', '80000000-0000-0000-0000-000000000003', 'harina'),
  ('90000000-0000-0000-0000-000000000008', '80000000-0000-0000-0000-000000000003', 'queso mozzarella'),
  ('90000000-0000-0000-0000-000000000009', '80000000-0000-0000-0000-000000000003', 'tomate'),
  ('90000000-0000-0000-0000-000000000010', '80000000-0000-0000-0000-000000000003', 'pepperoni'),
  ('90000000-0000-0000-0000-000000000011', '80000000-0000-0000-0000-000000000003', 'masa'),
  ('90000000-0000-0000-0000-000000000012', '80000000-0000-0000-0000-000000000003', 'salsa de tomate'),
  -- Espagueti Bolognesa (ítem 4)
  ('90000000-0000-0000-0000-000000000013', '80000000-0000-0000-0000-000000000004', 'espagueti'),
  ('90000000-0000-0000-0000-000000000014', '80000000-0000-0000-0000-000000000004', 'tomate'),
  ('90000000-0000-0000-0000-000000000015', '80000000-0000-0000-0000-000000000004', 'carne molida'),
  ('90000000-0000-0000-0000-000000000016', '80000000-0000-0000-0000-000000000004', 'cebolla'),
  ('90000000-0000-0000-0000-000000000017', '80000000-0000-0000-0000-000000000004', 'salsa de tomate'),
  -- Pizza Hawaiana (ítem 6)
  ('90000000-0000-0000-0000-000000000018', '80000000-0000-0000-0000-000000000006', 'harina'),
  ('90000000-0000-0000-0000-000000000019', '80000000-0000-0000-0000-000000000006', 'queso mozzarella'),
  ('90000000-0000-0000-0000-000000000020', '80000000-0000-0000-0000-000000000006', 'tomate'),
  ('90000000-0000-0000-0000-000000000021', '80000000-0000-0000-0000-000000000006', 'piña'),
  ('90000000-0000-0000-0000-000000000022', '80000000-0000-0000-0000-000000000006', 'jamón'),
  ('90000000-0000-0000-0000-000000000023', '80000000-0000-0000-0000-000000000006', 'masa'),
  ('90000000-0000-0000-0000-000000000024', '80000000-0000-0000-0000-000000000006', 'salsa de tomate'),
  -- Pizza Margherita (ítem 7)
  ('90000000-0000-0000-0000-000000000025', '80000000-0000-0000-0000-000000000007', 'harina'),
  ('90000000-0000-0000-0000-000000000026', '80000000-0000-0000-0000-000000000007', 'queso mozzarella'),
  ('90000000-0000-0000-0000-000000000027', '80000000-0000-0000-0000-000000000007', 'tomate'),
  ('90000000-0000-0000-0000-000000000028', '80000000-0000-0000-0000-000000000007', 'albahaca'),
  ('90000000-0000-0000-0000-000000000029', '80000000-0000-0000-0000-000000000007', 'masa'),
  ('90000000-0000-0000-0000-000000000030', '80000000-0000-0000-0000-000000000007', 'salsa de tomate'),
  -- Albóndigas con Papas (ítem 8)
  ('90000000-0000-0000-0000-000000000031', '80000000-0000-0000-0000-000000000008', 'albóndiga'),
  ('90000000-0000-0000-0000-000000000032', '80000000-0000-0000-0000-000000000008', 'papa'),
  ('90000000-0000-0000-0000-000000000033', '80000000-0000-0000-0000-000000000008', 'cebolla'),
  ('90000000-0000-0000-0000-000000000034', '80000000-0000-0000-0000-000000000008', 'tomate'),
  -- Ensalada César (ítem 9)
  ('90000000-0000-0000-0000-000000000035', '80000000-0000-0000-0000-000000000009', 'lechuga'),
  ('90000000-0000-0000-0000-000000000036', '80000000-0000-0000-0000-000000000009', 'pollo'),
  ('90000000-0000-0000-0000-000000000037', '80000000-0000-0000-0000-000000000009', 'queso parmesano'),
  ('90000000-0000-0000-0000-000000000038', '80000000-0000-0000-0000-000000000009', 'crutones'),
  ('90000000-0000-0000-0000-000000000039', '80000000-0000-0000-0000-000000000009', 'aderezo césar'),
  -- Pizza Cuatro Quesos (ítem 10)
  ('90000000-0000-0000-0000-000000000040', '80000000-0000-0000-0000-000000000010', 'harina'),
  ('90000000-0000-0000-0000-000000000041', '80000000-0000-0000-0000-000000000010', 'queso mozzarella'),
  ('90000000-0000-0000-0000-000000000042', '80000000-0000-0000-0000-000000000010', 'queso azul'),
  ('90000000-0000-0000-0000-000000000043', '80000000-0000-0000-0000-000000000010', 'queso parmesano'),
  ('90000000-0000-0000-0000-000000000044', '80000000-0000-0000-0000-000000000010', 'queso ricotta'),
  ('90000000-0000-0000-0000-000000000045', '80000000-0000-0000-0000-000000000010', 'masa'),
  ('90000000-0000-0000-0000-000000000046', '80000000-0000-0000-0000-000000000010', 'salsa de tomate'),
  -- Pizza Pepperoni (ítem 11)
  ('90000000-0000-0000-0000-000000000047', '80000000-0000-0000-0000-000000000011', 'harina'),
  ('90000000-0000-0000-0000-000000000048', '80000000-0000-0000-0000-000000000011', 'queso mozzarella'),
  ('90000000-0000-0000-0000-000000000049', '80000000-0000-0000-0000-000000000011', 'tomate'),
  ('90000000-0000-0000-0000-000000000050', '80000000-0000-0000-0000-000000000011', 'pepperoni'),
  ('90000000-0000-0000-0000-000000000051', '80000000-0000-0000-0000-000000000011', 'masa'),
  ('90000000-0000-0000-0000-000000000052', '80000000-0000-0000-0000-000000000011', 'salsa de tomate'),
  -- Espagueti Bolognesa (ítem 13)
  ('90000000-0000-0000-0000-000000000053', '80000000-0000-0000-0000-000000000013', 'espagueti'),
  ('90000000-0000-0000-0000-000000000054', '80000000-0000-0000-0000-000000000013', 'tomate'),
  ('90000000-0000-0000-0000-000000000055', '80000000-0000-0000-0000-000000000013', 'carne molida'),
  ('90000000-0000-0000-0000-000000000056', '80000000-0000-0000-0000-000000000013', 'cebolla'),
  ('90000000-0000-0000-0000-000000000057', '80000000-0000-0000-0000-000000000013', 'salsa de tomate'),
  -- Pizza Margherita (ítem 14)
  ('90000000-0000-0000-0000-000000000058', '80000000-0000-0000-0000-000000000014', 'harina'),
  ('90000000-0000-0000-0000-000000000059', '80000000-0000-0000-0000-000000000014', 'queso mozzarella'),
  ('90000000-0000-0000-0000-000000000060', '80000000-0000-0000-0000-000000000014', 'tomate'),
  ('90000000-0000-0000-0000-000000000061', '80000000-0000-0000-0000-000000000014', 'albahaca'),
  ('90000000-0000-0000-0000-000000000062', '80000000-0000-0000-0000-000000000014', 'masa'),
  ('90000000-0000-0000-0000-000000000063', '80000000-0000-0000-0000-000000000014', 'salsa de tomate'),
  -- Pizza Hawaiana (ítem 15)
  ('90000000-0000-0000-0000-000000000064', '80000000-0000-0000-0000-000000000015', 'harina'),
  ('90000000-0000-0000-0000-000000000065', '80000000-0000-0000-0000-000000000015', 'queso mozzarella'),
  ('90000000-0000-0000-0000-000000000066', '80000000-0000-0000-0000-000000000015', 'tomate'),
  ('90000000-0000-0000-0000-000000000067', '80000000-0000-0000-0000-000000000015', 'piña'),
  ('90000000-0000-0000-0000-000000000068', '80000000-0000-0000-0000-000000000015', 'jamón'),
  ('90000000-0000-0000-0000-000000000069', '80000000-0000-0000-0000-000000000015', 'masa'),
  ('90000000-0000-0000-0000-000000000070', '80000000-0000-0000-0000-000000000015', 'salsa de tomate');

-- =============================================================================
-- Historial de Pedidos (transiciones de los pedidos que ya avanzaron)
-- =============================================================================

INSERT INTO historial_pedido (id, pedido_id, estado_anterior, estado_nuevo, cambiado_por) VALUES
  ('a0000000-0000-0000-0000-000000000001', '70000000-0000-0000-0000-000000000007', 'pendiente',      'en_preparacion', '10000000-0000-0000-0000-000000000003'),
  ('a0000000-0000-0000-0000-000000000002', '70000000-0000-0000-0000-000000000008', 'pendiente',      'en_preparacion', '10000000-0000-0000-0000-000000000003'),
  ('a0000000-0000-0000-0000-000000000003', '70000000-0000-0000-0000-000000000008', 'en_preparacion', 'terminado',      '10000000-0000-0000-0000-000000000003'),
  ('a0000000-0000-0000-0000-000000000004', '70000000-0000-0000-0000-000000000009', 'pendiente',      'en_preparacion', '10000000-0000-0000-0000-000000000003'),
  ('a0000000-0000-0000-0000-000000000005', '70000000-0000-0000-0000-000000000009', 'en_preparacion', 'terminado',      '10000000-0000-0000-0000-000000000003'),
  ('a0000000-0000-0000-0000-000000000006', '70000000-0000-0000-0000-000000000009', 'terminado',      'en_delivery',    '10000000-0000-0000-0000-000000000005');

-- =============================================================================
-- Pagos (solo para pedidos entregados o en delivery)
-- =============================================================================

INSERT INTO pagos (id, pedido_id, monto, metodo, registrado_por) VALUES
  ('b0000000-0000-0000-0000-000000000001', '70000000-0000-0000-0000-000000000009', 25000.00, 'transferencia', '10000000-0000-0000-0000-000000000005');
